{
    "accuracy": 0.01227897871285677,
    "loss": 4.787214279174805
}